{
  "trades": [
    {
      "id": "d484",
      "Covered Call": [
        {
          "symbol": "AAPL",
          "date": "2024-07-08",
          "action": "BUY",
          "subAction": "OPEN",
          "strategy": "STOCK",
          "qty": "100",
          "price": "-200",
          "value": "-20000",
          "expDate": "2024-08-09"
        },
        {
          "symbol": "AAPL",
          "date": "2024-07-08",
          "action": "SELL",
          "subAction": "OPEN",
          "strategy": "CALL",
          "qty": "1",
          "strikes": "220",
          "value": "2.20",
          "expDate": "2024-08-09"
        }
      ]
    },
    {
      "id": "df35",
      "Vertical Spread": [
        {
          "symbol": "TSLA",
          "date": "2024-07-05",
          "action": "BUY",
          "subAction": "OPEN",
          "strategy": "CALL",
          "qty": "1",
          "strikes": "105",
          "value": "-1.5",
          "expDate": "2024-08-09"
        },
        {
          "symbol": "TSLA",
          "date": "2024-07-05",
          "action": "SELL",
          "subAction": "OPEN",
          "strategy": "CALL",
          "qty": "1",
          "strikes": "110",
          "value": "1.6",
          "expDate": "2024-08-09"
        }
      ]
    }

  ]
}